rounds,optimized,constraints,z3_time
10,True,321,2.8196339e-2
10,False,9964,7.1048755e-2
15,True,481,3.862453e-2
15,False,14829,9.7856352e-2
20,True,641,4.9386285e-2
20,False,19844,0.134955061
25,True,801,6.0004291e-2
25,False,25009,0.19171548
30,True,961,8.5190428e-2
30,False,30324,0.263066094
